1,Knights of Sidonia: Love Woven in the Stars,SPRING,FINISHED,33
2,Pompo: The Cinéphile,SPRING,FINISHED,12
3,えとたま～猫客万来～,SPRING,FINISHED,16
4,The Deer King,SPRING,FINISHED,32
5,Fate/Grand Order Divine Realm of the Round Table: Camelot - Paladin; Agateram,SPRING,FINISHED,69
6,Mobile Suit Gundam Hathaway,SPRING,FINISHED,146
7,Eden,SPRING,FINISHED,43
8,The Journey,SPRING,FINISHED,55
9,ZOMBIE LAND SAGA REVENGE,SPRING,FINISHED,937
10,Dragon Goes House-Hunting,SPRING,FINISHED,103
11,I've Been Killing Slimes for 300 Years and Maxed Out My Level,SPRING,FINISHED,1148
12,劇場版 少女☆歌劇 レヴュースタァライト,SPRING,FINISHED,23
13,MEGALOBOX 2: NOMAD,SPRING,FINISHED,714
14,Super Cub,SPRING,FINISHED,487
15,Pretty Boy Detective Club,SPRING,FINISHED,415
16,Case Closed: The Scarlet Bullet,SPRING,FINISHED,60
17,SSSS.DYNAZENON,SPRING,FINISHED,571
18,Higehiro: After Being Rejected, I Shaved and Took in a High School Runaway,SPRING,FINISHED,2500
19,To Your Eternity,SPRING,FINISHED,4802
20,Koikimo,SPRING,FINISHED,785
21,MARS RED,SPRING,FINISHED,313
22,Welcome to Demon School! Iruma-kun Season 2,SPRING,FINISHED,1250
23,Combatants Will Be Dispatched!,SPRING,FINISHED,956
24,86 EIGHTY-SIX,SPRING,FINISHED,3924
25,The Slime Diaries,SPRING,FINISHED,896
26,My Hero Academia Season 5,SPRING,FINISHED,5894
27,How NOT to Summon a Demon Lord Ω,SPRING,FINISHED,1237
28,BanG Dream! Episode of Roselia I: 約束,SPRING,FINISHED,26
29,結城友奈は勇者である ちゅるっと！,SPRING,FINISHED,5
30,SHAMAN KING (2021),SPRING,RELEASING,597
31,EDENS ZERO,SPRING,FINISHED,859
32,Thunderbolt Fantasy Sword Seekers 3,SPRING,FINISHED,27
33,Tokyo Revengers,SPRING,FINISHED,11610
34,The World Ends with You The Animation,SPRING,FINISHED,202
35,Battle Athletes Victory ReSTART!,SPRING,FINISHED,14
36,DON'T TOY WITH ME, MISS NAGATORO,SPRING,FINISHED,3999
37,Burning Kabaddi,SPRING,FINISHED,337
38,映画ヒーリングっど♥プリキュア ゆめのまちでキュン! っとGoGo! 大変身!!,SPRING,FINISHED,12
39,Cardfight!! Vanguard overDress,SPRING,FINISHED,25
40,Let's Make a Mug Too,SPRING,FINISHED,92
41,Those Snow White Notes,SPRING,FINISHED,479
42,The Prince of Tennis II Hyotei vs. Rikkai Game of Future OVAs,SPRING,FINISHED,16
43,Farewell, My Dear Cramer,SPRING,FINISHED,87
44,Farewell, My Dear Cramer: First Touch,SPRING,FINISHED,44
45,The Saint's Magic Power is Omnipotent,SPRING,FINISHED,487
46,Girls und Panzer das Finale – Part 3,SPRING,FINISHED,45
47,Fruits Basket The Final Season,SPRING,FINISHED,5572
48,Osamake: Romcom Where The Childhood Friend Won't Lose,SPRING,FINISHED,694
49,Godzilla Singular Point,SPRING,FINISHED,171
50,Moriarty the Patriot Part 2,SPRING,FINISHED,1179
51,SHADOWS HOUSE,SPRING,FINISHED,936
52,Hetalia: World Stars,SPRING,FINISHED,44
53,かぐや様は告らせたい～天才たちの恋愛頭脳戦～OVA,SPRING,FINISHED,452
54,The Way of the Househusband,SPRING,FINISHED,1445
55,Backflip!!,SPRING,FINISHED,559
56,CESTVS -The Roman Fighter-,SPRING,FINISHED,38
57,「宇宙戦艦ヤマト」という時代 西暦2202年の選択,SPRING,FINISHED,5
58,SD GUNDAM WORLD HEROES,SPRING,FINISHED,5
59,Full Dive: This Ultimate Next-Gen Full Dive RPG Is Even Shittier than Real Life!,SPRING,FINISHED,564
60,もっと! まじめにふまじめ かいけつゾロリ 第2シリーズ,SPRING,RELEASING,0
62,弱キャラ友崎くんOVA,SPRING,FINISHED,85
63,Is It Wrong to Try to Pick Up Girls in a Dungeon? III: Is It Wrong to Try to Find a Hot Spring in Orario? -Bath God Forever-,SPRING,FINISHED,149
64,Record of Ragnarok,SPRING,FINISHED,773
65,Fortune Favors Lady Nikuko,SPRING,FINISHED,7
66,GLOOMY THE NAUGHTY GRIZZLY,SPRING,FINISHED,13
67,しかるねこ,SPRING,RELEASING,1
68,Fairy Ranmaru,SPRING,FINISHED,69
69,Vivy -Fluorite Eye's Song-,SPRING,FINISHED,3459
70,ODDTAXI,SPRING,FINISHED,2635
72,新幹線変形ロボ シンカリオンＺ,SPRING,RELEASING,10
73,6 LOVERS,SPRING,FINISHED,52
75,SEVEN KNIGHTS REVOLUTION: Hero Successor,SPRING,FINISHED,110
76,JORAN THE PRINCESS OF SNOW AND BLOOD,SPRING,FINISHED,122
79,Blue Reflection Ray,SPRING,FINISHED,57
80,『ホロライブ・オルタナティブ』 ティザーPV,SPRING,FINISHED,97
84,ベイブレードバースト DB,SPRING,RELEASING,12
85,Sushi Sumo,SPRING,RELEASING,1
86,妖怪ウォッチ♪,SPRING,RELEASING,5
87,MAZICA PARTY,SPRING,RELEASING,6
88,赤ちゃん本部長,SPRING,FINISHED,0
89,iiiあいすくりん,SPRING,FINISHED,1
90,ダイナ荘びより,SPRING,FINISHED,1
91,宇宙なんちゃら こてつくん,SPRING,RELEASING,0
92,かいじゅう色の島 - PV,SPRING,FINISHED,3
93,DUEL MASTERS キング! ,SPRING,RELEASING,1
96,ミュークルドリーミー みっくす!,SPRING,RELEASING,3
97,映画トロピカル~ジュ! プリキュア プチ とびこめ! コラボ♡ダンスパーティ!,SPRING,FINISHED,2
98,Bakugan: Geogan Rising,SPRING,RELEASING,3
99,WONDER EGG PRIORITY: My Priority,SPRING,FINISHED,420
101,Heaven's Design Team: Idea 13,SPRING,FINISHED,22
102,わしも-wasimo-(第9シリーズ),SPRING,RELEASING,0
103,Yasuke,SPRING,FINISHED,175
104,異世界魔王と召喚少女の奴隷魔術Ω ミニアニメ,SPRING,FINISHED,9
105,Miss Kobayashi's Dragon Maid S Short Animation Series,SPRING,FINISHED,199
106,night world,SPRING,FINISHED,39
107,ちびりべ,SPRING,FINISHED,83
108,青い羽みつけた！,SPRING,FINISHED,0
109,おしりたんてい (第5シリーズ),SPRING,FINISHED,0
110,七ヶ浜でみつけた,SPRING,FINISHED,2
111,物語を君へ。#2 -不可解弐Q2 エンディングアニメーション-,SPRING,FINISHED,11
112,Snack Time!,SPRING,RELEASING,9
113,人間回収車,SPRING,RELEASING,3
114,あんさんぶるスターズ！！ 5th Anniversary ANIMATION PV,SPRING,FINISHED,13
115,Artiswitch (アーティスウィッチ),SPRING,FINISHED,60
116,ゆるキャン△ SEASON 2 OVA,SPRING,FINISHED,25
117,ぶるりふ・れいっ！,SPRING,FINISHED,1
118,ピーピングライフ12th anniversary,SPRING,FINISHED,0
119,コロコロアニマルおとぎばなし,SPRING,FINISHED,0
120,キミの好きに出会おう。 ,SPRING,FINISHED,2
121,ハイパーポジティブよごれモン,SPRING,FINISHED,1
122,Obey Me! Anime Special: Devildom Family Trip!,SPRING,FINISHED,11
123,Cogimyun 2nd ,SPRING,FINISHED,0
151,劇場版 Free!–the Final Stroke– 前編,SUMMER,FINISHED,128
152,Words Bubble Up Like Soda Pop,SUMMER,FINISHED,972
153,Miss Kobayashi's Dragon Maid S,SUMMER,FINISHED,2997
154,Life Lessons with Uramichi Oniisan,SUMMER,FINISHED,855
155,リョーマ! 新生劇場版テニスの王子様,SUMMER,FINISHED,6
156,Remake Our Life!,SUMMER,FINISHED,1018
157,Drug Store in Another World - The Slow Life of a Cheat Pharmacist,SUMMER,FINISHED,299
158,Love Live! Superstar!!,SUMMER,FINISHED,487
159,それいけ！アンパンマン ふわふわフワリーと雲の国,SUMMER,NOT_YET_RELEASED,0
160,BanG Dream! FILM LIVE 2nd Stage,SUMMER,FINISHED,13
161,きんいろモザイク Thank you!!,SUMMER,FINISHED,14
162,100日間生きたワニ,SUMMER,FINISHED,1
163,That Time I Got Reincarnated as a Slime Season 2 Part 2,SUMMER,FINISHED,4198
164,Fate/Grand Order Final Singularity - Grand Temple of Time: Solomon,SUMMER,FINISHED,92
165,Magia Record: Puella Magi Madoka Magica Side Story Season 2 -The Eve of Awakening-,SUMMER,FINISHED,100
166,How a Realist Hero Rebuilt the Kingdom,SUMMER,FINISHED,904
167,BanG Dream! Episode of Roselia II: Song I am.,SUMMER,FINISHED,38
168,Mother of the Goddess’ Dormitory,SUMMER,FINISHED,468
169,Fate/kaleid liner Prisma☆Illya: Licht Nameless Girl,SUMMER,FINISHED,53
170,My Next Life as a Villainess: All Routes Lead to Doom! X,SUMMER,FINISHED,596
171,The Dungeon of Black Company,SUMMER,FINISHED,469
172,Fena: Pirate Princess,SUMMER,FINISHED,412
173,The Idaten Deities Know Only Peace,SUMMER,FINISHED,562
174,Peach Boy Riverside,SUMMER,FINISHED,437
175,Resident Evil: Infinite Darkness,SUMMER,FINISHED,47
176,TSUKIMICHI -Moonlit Fantasy-,SUMMER,FINISHED,1296
177,Kageki Shojo!!,SUMMER,FINISHED,330
178,ゲッターロボ アーク,SUMMER,FINISHED,23
179,The House of the Lost on the Cape,SUMMER,FINISHED,12
180,NIGHT HEAD 2041,SUMMER,FINISHED,116
181,TSUKIPRO THE ANIMATION 2,SUMMER,RELEASING,10
182,Battle Game in 5 Seconds,SUMMER,FINISHED,424
183,アリス・ギア・アイギス ～ドキッ！アクトレスだらけのマーメイドグランプリ♥～,SUMMER,FINISHED,7
184,Girlfriend, Girlfriend,SUMMER,FINISHED,989
185,Seirei Gensouki: Spirit Chronicles,SUMMER,FINISHED,1123
186,My Hero Academia: World Heroes' Mission,SUMMER,FINISHED,749
187,KAKUSHIGOTO Theatrical Edition,SUMMER,FINISHED,74
188,BELLE,SUMMER,FINISHED,271
189,I'm Standing on a Million Lives Season 2,SUMMER,FINISHED,291
190,TONIKAWA: Over The Moon For You ~SNS~,SUMMER,FINISHED,487
191,The Honor at Magic High School,SUMMER,FINISHED,259
192,IDOLiSH7 Third BEAT!,SUMMER,FINISHED,105
193,The Aquatope on White Sand,SUMMER,RELEASING,433
194,アサルトリリィ ふるーつ,SUMMER,RELEASING,13
195,The Detective Is Already Dead,SUMMER,FINISHED,1075
196,The Seven Deadly Sins: Cursed by Light,SUMMER,FINISHED,183
198,The Duke of Death and His Maid,SUMMER,FINISHED,719
199,I, Tsushima,SUMMER,FINISHED,41
200,RE-MAIN,SUMMER,FINISHED,388
202,The Ancient Magus' Bride: The Boy from the West and the Knight of the Blue Storm,SUMMER,RELEASING,125
203,D_CIDE TRAUMEREI THE ANIMATION,SUMMER,FINISHED,41
204,Higurashi: When They Cry - SOTSU,SUMMER,FINISHED,343
205,Scarlet Nexus,SUMMER,RELEASING,252
206,The Case Study of Vanitas,SUMMER,FINISHED,2203
207,Obey Me!,SUMMER,RELEASING,341
208,Sonny Boy,SUMMER,FINISHED,1268
211,『Ｇのレコンギスタ Ⅲ』「宇宙からの遺産」,SUMMER,FINISHED,0
212,深海のサバイバル！,SUMMER,FINISHED,1
213,The Great Jahy Will Not Be Defeated!,SUMMER,RELEASING,520
214,映画おしりたんてい スフーレ島のひみつ,SUMMER,FINISHED,0
215,NOMAD メガロボクス2『ハチドリと旅人。』,SUMMER,FINISHED,11
217,よしまほ,SUMMER,FINISHED,7
221,Theatre of Darkness: Yamishibai 9,SUMMER,FINISHED,3
222,プリンセス・プリンシパル Crown Handler 第1章「BUSY EASY MONEY」,SUMMER,FINISHED,17
223,Saga of Tanya the Evil: Operation Desert Pasta,SUMMER,FINISHED,92
224,ヘタリア World★Stars 初収録新作エピソード OVA,SUMMER,FINISHED,6
226,プリティーオールフレンズセレクション,SUMMER,FINISHED,4
227,Isekai Cheat Magician: Magicians and the Starry Night Festival,SUMMER,FINISHED,74
229,白い砂のアクアトープ みに,SUMMER,RELEASING,1
230,I, Tsushima (ONA),SUMMER,RELEASING,9
231,mini vanguard Large,SUMMER,FINISHED,0
232,キック&スライド,SUMMER,FINISHED,0
233,Tomorrow’s Leaves,SUMMER,FINISHED,1
234,夏がはじまる。,SUMMER,FINISHED,7
235,セリア先生のわくわくまじかる教室,SUMMER,FINISHED,16
236,VOY@GER,SUMMER,FINISHED,30
237,Fire Emblem Heroes - Book II - Chibi Playhouse,SUMMER,FINISHED,2
238,Summer Meets God (Rick Meets Evil),SUMMER,FINISHED,1
239,小林さんちのメイドラゴンＳミニドラEX,SUMMER,RELEASING,32
240,天才王子の赤字国家再生術 ショートドラマ,SUMMER,RELEASING,1
241,終末のワルキューレ ミニアニメ,SUMMER,FINISHED,8
242,Fate/kaleid liner プリズマ☆イリヤ Licht 名前の無い少女 スペシャルミニアニメ,SUMMER,FINISHED,0
243,ふんばり温泉 繁盛記,SUMMER,FINISHED,0
245,UMISEA,SUMMER,FINISHED,10
246,リエラのうた,SUMMER,FINISHED,8
247,闇芝居 九期,SUMMER,FINISHED,0
248,그 여름,SUMMER,RELEASING,4
249,アズールレーンびそくぜんしんっ！誇らしき母港に祝祭を,SUMMER,FINISHED,13
250,Attack On Titan: The Final Season Specials,SUMMER,FINISHED,12
251,Cinderella Nine: The Story Continues,SUMMER,FINISHED,8
252,Sumo Wrestler,SUMMER,FINISHED,0
253,Atelier Ryza: Animated Shorts,SUMMER,FINISHED,2
254,Blink in the Desert,SUMMER,FINISHED,1
255,100 Years of Work in Japan,SUMMER,FINISHED,0
301,メガトン級ムサシ,FALL,RELEASING,30
302,EUREKA／交響詩篇エウレカセブン ハイエボリューション,FALL,FINISHED,29
303,Shikizakura,FALL,RELEASING,29
304,Blade Runner: Black Lotus,FALL,RELEASING,36
305,SAKUGAN,FALL,RELEASING,133
306,MUTEKING THE Dancing HERO,FALL,RELEASING,9
307,Super Crooks,FALL,FINISHED,24
308,宇宙戦艦ヤマト2205 新たなる旅立ち 前章 -TAKE OFF- ,FALL,FINISHED,8
309,Muv-Luv Alternative,FALL,RELEASING,82
310,Ranking of Kings,FALL,RELEASING,706
311,The Vampire Dies in No Time,FALL,RELEASING,136
312,劇場版マクロスΔ 絶対LIVE!!!!!!,FALL,FINISHED,19
313,神在月のこども,FALL,FINISHED,19
314,My Senpai is Annoying,FALL,RELEASING,516
316,Yuki Yuna is a Hero: The Great Mankai Chapter,FALL,RELEASING,59
317,Sing a Bit of Harmony,FALL,FINISHED,74
318,Sword Art Online the Movie -Progressive- Aria of a Starless Night,FALL,FINISHED,705
319,Baki Hanma,FALL,FINISHED,220
320,フラ・フラダンス,FALL,NOT_YET_RELEASED,10
321,映画 すみっコぐらし 青い月夜のまほうのコ,FALL,NOT_YET_RELEASED,1
322,Banished from the Hero’s Party, I Decided to Live a Quiet Life in the Countryside,FALL,RELEASING,483
323,Ancient Girl’s Frame,FALL,RELEASING,10
324,Selection Project,FALL,RELEASING,100
325,PuraOre! ~Pride of Orange~,FALL,RELEASING,36
326,The Night Beyond the Tricornered Window,FALL,RELEASING,87
327,World Trigger 3rd Season,FALL,RELEASING,164
328,Platinum End,FALL,RELEASING,767
329,Taisho Otome Fairy Tale,FALL,RELEASING,215
330,Aggretsuko: Season 4,FALL,NOT_YET_RELEASED,14
331,Mushoku Tensei: Jobless Reincarnation Cour 2,FALL,RELEASING,2577
332,Blue Period,FALL,RELEASING,997
333,Cardfight!! Vanguard overDress Season 2,FALL,RELEASING,11
334,The Fruit of Evolution: Before I Knew It, My Life Had It Made,FALL,RELEASING,303
335,劇場短編マクロスF ～時の迷宮～,FALL,FINISHED,8
336,プリンセス・プリンシパル Crown Handler 第2章,FALL,FINISHED,17
337,Demon Slayer: Kimetsu no Yaiba 2,FALL,RELEASING,2314
338,The World's Finest Assassin Gets Reincarnated in Another World as an Aristocrat,FALL,RELEASING,1062
340,サマーゴースト,FALL,FINISHED,50
341,ARIA The BENEDIZIONE,FALL,NOT_YET_RELEASED,7
342,チキップダンサーズ,FALL,RELEASING,0
343,AMAIM Warrior at the Borderline,FALL,RELEASING,46
344,Irina: The Vampire Cosmonaut,FALL,RELEASING,227
345,Mieruko-chan,FALL,RELEASING,849
346,Yashahime: Princess Half-Demon - The Second Act,FALL,RELEASING,83
347,takt op.Destiny,FALL,RELEASING,1183
348,呪術廻戦 0,FALL,NOT_YET_RELEASED,1018
349,VISUAL PRISON,FALL,RELEASING,142
350,86 EIGHTY-SIX Season 2,FALL,RELEASING,1043
351,RUMBLE GARANNDOLL,FALL,RELEASING,34
352,JoJo’s Bizarre Adventure STONE OCEAN,FALL,NOT_YET_RELEASED,1112
353,Tesla Note,FALL,RELEASING,36
354,The Way of the Househusband Part 2,FALL,FINISHED,212
355,劇場版 オトッペ パパ・ドント・クライ,FALL,FINISHED,1
356,The Faraway Paladin,FALL,RELEASING,394
357,BUILD-DIVIDE -#000000- CODE BLACK,FALL,RELEASING,85
358,KAGINADO,FALL,RELEASING,39
359,劇場版 抱かれたい男1位に脅されています。～スペイン編～,FALL,FINISHED,91
360,Restaurant to Another World 2,FALL,RELEASING,110
361,バトルスピリッツミラージュ,FALL,RELEASING,9
362,180秒で君の耳を幸せにできるか？,FALL,RELEASING,49
363,ぐんまちゃん,FALL,RELEASING,3
364,Komi Can’t Communicate,FALL,RELEASING,2530
366,LUPIN THE 3rd PART 6,FALL,RELEASING,54
367,ギヴン うらがわの存在,FALL,NOT_YET_RELEASED,108
368,BanG Dream! Girls Band Party!☆PICO FEVER!,FALL,RELEASING,16
369,Bright: Samurai Soul,FALL,FINISHED,8
370,ガンダムブレイカー バトルローグ,FALL,FINISHED,10
371,トロピカル～ジュ！プリキュア 雪のプリンセスと奇跡の指輪！,FALL,FINISHED,4
372,Let's Make a Mug Too 2,FALL,RELEASING,21
374,Waccha PriMagi!,FALL,RELEASING,24
375,リクはよわくない,FALL,FINISHED,0
376,ロード・エルメロイⅡ世の事件簿 -魔眼蒐集列車 Grace note- (仮),FALL,NOT_YET_RELEASED,6
377,乙女ゲームの破滅フラグしかない悪役令嬢に転生してしまった… OVA,FALL,FINISHED,19
378,Deep Insanity THE LOST CHILD,FALL,RELEASING,53
379,でーじミーツガール,FALL,RELEASING,38
381,Digimon Ghost Game,FALL,RELEASING,35
383,GANBARE DOUKICHAN,FALL,RELEASING,173
384,Star Wars: Visions,FALL,FINISHED,279
387,キミとフィットボクシング,FALL,RELEASING,4
390,Pokémon Evolutions,FALL,RELEASING,25
391,The Heike Story,FALL,FINISHED,170
392,攻殻機動隊 SAC_2045 持続可能戦争,FALL,FINISHED,7
394,薄桜鬼,FALL,RELEASING,6
395,Tawawa on Monday 2,FALL,RELEASING,80
396,がんばれ同期ちゃん Special,FALL,NOT_YET_RELEASED,6
397,月曜日のたわわ２ 特典,FALL,NOT_YET_RELEASED,7
400,Doggie Corgi 3,FALL,RELEASING,0
401,洒落どる (パイロットフィルム),FALL,FINISHED,4
402,空色ユーティリティ,FALL,NOT_YET_RELEASED,4
404,Dozens of Norths,FALL,FINISHED,2
405,Episodeⁿ | 空想,FALL,FINISHED,1
406,其れ、則ちスケッチ。,FALL,RELEASING,1
407,CHARMS!! PV,FALL,FINISHED,0
451,Evangelion: 3.0+1.0 Thrice Upon a Time,WINTER,FINISHED,2839
452,Alice in Deadly School,WINTER,FINISHED,28
453,Princess Principal: ~Crown Handler~ 1,WINTER,FINISHED,85
454,B: The Beginning: Succession,WINTER,FINISHED,121
455,So I'm a Spider, So What?,WINTER,FINISHED,1935
456,Pretty Guardian Sailor Moon Eternal The Movie Part 2,WINTER,FINISHED,85
457,Pretty Guardian Sailor Moon Eternal The Movie Part 1,WINTER,FINISHED,84
458,BEAN BANDIT,WINTER,FINISHED,2
459,Laid-Back Camp Season 2,WINTER,FINISHED,1519
460,EX-ARM,WINTER,FINISHED,153
461,Mushoku Tensei: Jobless Reincarnation,WINTER,FINISHED,8749
462,That Time I Got Reincarnated as a Slime Season 2,WINTER,FINISHED,6008
463,Cells at Work!!,WINTER,FINISHED,465
464,The Promised Neverland Season 2,WINTER,FINISHED,3982
465,I★CHU,WINTER,FINISHED,67
466,The Quintessential Quintuplets 2,WINTER,FINISHED,5128
467,Non Non Biyori Nonstop,WINTER,FINISHED,509
468,VLAD LOVE,WINTER,FINISHED,82
469,Attack on Titan Final Season,WINTER,FINISHED,21498
470,Bottom-Tier Character Tomozaki,WINTER,FINISHED,1073
471,Suppose a Kid from the Last Dungeon Boonies moved to a starter town?,WINTER,FINISHED,688
472,2.43: Seiin High School Boys Volleyball Team,WINTER,FINISHED,336
473,Redo of Healer,WINTER,FINISHED,1992
474,Show by Rock!! Stars!!,WINTER,FINISHED,52
475,Skate-Leading Stars,WINTER,FINISHED,137
476,planetarian ～雪圏球（スノーグローブ）,WINTER,FINISHED,23
477,Seitokai Yakuindomo Movie 2,WINTER,FINISHED,60
478,Idoly Pride,WINTER,FINISHED,246
479,Dr. STONE: STONE WARS,WINTER,FINISHED,5048
480,Kemono Jihen,WINTER,FINISHED,1402
481,World Trigger 2nd Season,WINTER,FINISHED,448
482,Gintama: THE VERY FINAL,WINTER,FINISHED,1370
483,BEASTARS Season 2,WINTER,FINISHED,1632
484,Hortensia SAGA,WINTER,FINISHED,105
485,True Cooking Master Boy Season 2,WINTER,FINISHED,6
486,BACK ARROW,WINTER,FINISHED,89
487,AzurLane: Slow Ahead!,WINTER,FINISHED,156
488,Log Horizon: Destruction of the Round Table,WINTER,FINISHED,489
489,囀る鳥は羽ばたかない Don't stay gold ,WINTER,FINISHED,37
490,Tokyo 7th シスターズ -僕らは青空になる-,WINTER,FINISHED,11
491,Otherside Picnic,WINTER,FINISHED,300
492,The Seven Deadly Sins: Dragon's Judgement,WINTER,FINISHED,1441
493,WIXOSS DIVA(A)LIVE,WINTER,FINISHED,32
494,Kiyo in Kyoto: From the Maiko House,WINTER,RELEASING,36
495,Sorcerous Stabber Orphen: Battle of Kimluck,WINTER,FINISHED,42
496,Cells at Work! CODE BLACK,WINTER,FINISHED,422
497,ARIA The CREPUSCOLO,WINTER,FINISHED,41
498,Heaven’s Design Team,WINTER,FINISHED,210
499,The Hidden Dungeon Only I Can Enter,WINTER,FINISHED,1036
500,LBX Girls,WINTER,FINISHED,27
501,Re:ZERO -Starting Life in Another World- Season 2 Part 2,WINTER,FINISHED,5883
502,Bungo Stray Dogs WAN!,WINTER,FINISHED,686
503,World Witches Take Off!,WINTER,FINISHED,22
505,Oh, Suddenly Egyptian God,WINTER,FINISHED,21
506,Dr. Ramune -Mysterious Disease Specialist-,WINTER,FINISHED,225
507,Scar on the Praeter,WINTER,FINISHED,81
508,Horimiya,WINTER,FINISHED,14283
509,Gekidol,WINTER,FINISHED,42
510,夏目友人帳 石起こしと怪しき来訪者,WINTER,FINISHED,59
511,Armor Shop for Ladies & Gentlemen II,WINTER,FINISHED,38
512,SK8 the Infinity,null,null,null
513,Umamusume: Pretty Derby Season 2,WINTER,FINISHED,440
514,Yatogame-chan Kansatsu Nikki 3,WINTER,FINISHED,30
515,ひもてはうす 大パニック！みんなでゴキブリ退治,WINTER,FINISHED,2
516,Idolls!,WINTER,FINISHED,11
517,土下座で頼んでみた 異世界編,WINTER,FINISHED,71
518,WONDER EGG PRIORITY,WINTER,FINISHED,5846
521,High-Rise Invasion,WINTER,FINISHED,1238
527,Theatre of Darkness: Yamishibai 8,WINTER,FINISHED,11
528,銀魂 THE SEMI-FINAL,WINTER,FINISHED,192
530,Tropical-Rouge! Pretty Cure,WINTER,RELEASING,65
531,Cute Executive Officer,WINTER,FINISHED,11
532,キンタマーニドッグ ,WINTER,RELEASING,0
533,PUI PUI MOLCAR,WINTER,FINISHED,187
534,おかしなさばくのスナとマヌ,WINTER,RELEASING,2
535,ABCiee Working Diary,WINTER,FINISHED,2
536,べあべあべあくまー! クマダム編,WINTER,FINISHED,18
537,I’m home, Chibigodzilla Season 2,WINTER,FINISHED,0
538,Re:ゼロから始める休憩時間(ブレイクタイム) 2nd Season Part 2,WINTER,FINISHED,35
539,ドキドキ！ミニミニ！隠しダンジョン劇場,WINTER,FINISHED,5
540,炎炎ノ消防隊ミニアニメ,WINTER,FINISHED,29
542,2.43ミニアニメ inside story,WINTER,FINISHED,2
543,2.43ミニアニメ 福井弁講座,WINTER,FINISHED,3
544,劇団七つの大罪,WINTER,FINISHED,12
545,D4DJ Petit Mix,WINTER,FINISHED,26
546,アイカツプラネット！,WINTER,FINISHED,19
547,サンタ・カンパニー ～真夏のメリークリスマス～,WINTER,FINISHED,0
548,キメツ学園 バレンタイン編,WINTER,FINISHED,125
549,一日にして成らず,WINTER,FINISHED,0
550,ウルヴァン,WINTER,FINISHED,4
551,異能のアイシス ESP & HIGH SCHOOL DETECTIVE,WINTER,FINISHED,8
552,WAVE!! -Let's go surfing!!- (TV),WINTER,FINISHED,53
553,ざんねんないきもの事典 (2021),WINTER,FINISHED,0
554,Cosmo Samurai,WINTER,FINISHED,2
556,おしえて北斎！-THE ANIMATION-,WINTER,FINISHED,0
557,Home!,WINTER,FINISHED,7
558,遊星高校 天文部,WINTER,FINISHED,0
560,パワフルプロ野球 パワフル高校編,WINTER,FINISHED,0
561,名探偵コナン 緋色の不在証明,WINTER,FINISHED,11
562,Gudetama Freestyle,WINTER,RELEASING,1
563,禁男女子,WINTER,FINISHED,1
564,さよなら私のクラマー ミニアニメ,WINTER,FINISHED,3
565,別冊 仮面ライダーセイバー　短編活動萬画集,WINTER,FINISHED,0
566,生きぬけ！爆走！クソハムちゃん,WINTER,FINISHED,0
567,頭文字〈イニシャル〉D BATTLE STAGE 3 ,WINTER,FINISHED,6
568,多数欠 -Judgement Assizes- THE ORIGINAL ANIMATION,WINTER,FINISHED,0
569,ハチミツスーサイドマシーン,WINTER,FINISHED,0
570,DELIVER POLICE/西東京市デリバー警察隊,WINTER,FINISHED,0
571,龍殺ノ狂骨,WINTER,FINISHED,0
572,タイバン！,WINTER,RELEASING,0
573,チョコ松さん～バレンタインデー編～,WINTER,FINISHED,1
574,チョコ松さん～ホワイトデー編～,WINTER,FINISHED,1
576,Wandering Late at Night,WINTER,FINISHED,0
601,Hatena Illusion,WINTER,FINISHED,68
602,22/7 (nanabun no nijyuuni),WINTER,FINISHED,187
603,Made in Abyss: Dawn of the Deep Soul,WINTER,FINISHED,2072
604,Plunderer,WINTER,FINISHED,997
605,pet,WINTER,FINISHED,186
606,Sorcerous Stabber Orphen,WINTER,FINISHED,100
607,劇場版 ハイスクール・フリート,WINTER,FINISHED,56
608,SHIROBAKO The Movie,WINTER,FINISHED,70
609,BanG Dream! 3rd Season,WINTER,FINISHED,332
610,Magia Record: Puella Magi Madoka Magica Side Story,WINTER,FINISHED,331
611,If My Favorite Pop Idol Made It to the Budokan, I Would Die,WINTER,FINISHED,248
612,ROOM CAMP,WINTER,FINISHED,157
613,A Certain Scientific Railgun T,WINTER,FINISHED,1209
614,A Destructive God Sits Next to Me,WINTER,FINISHED,219
615,Darwin's Game,WINTER,FINISHED,1799
616,Dorohedoro,WINTER,FINISHED,3685
617,BOFURI: I Don't Want to Get Hurt, so I'll Max Out My Defense.,WINTER,FINISHED,2458
618,HAIKYU‼ TO THE TOP,WINTER,FINISHED,4970
619,Nekopara,WINTER,FINISHED,651
620,Science Fell in Love, So I Tried to Prove It,WINTER,FINISHED,906
621,In/Spectre,WINTER,FINISHED,1064
622,Infinite Dendrogram,WINTER,FINISHED,310
623,A3! Season Spring & Summer,WINTER,FINISHED,169
624,The Island of Giant Insects (Movie),WINTER,FINISHED,31
625,Asteroid in Love,WINTER,FINISHED,282
626,つぐもも OVA,WINTER,FINISHED,48
627,Drifting Dragons,WINTER,FINISHED,89
628,Toilet-bound Hanako-kun,WINTER,FINISHED,7010
629,Somali and the Forest Spirit,WINTER,FINISHED,1410
630,GOBLIN SLAYER -GOBLIN’S CROWN-,WINTER,FINISHED,594
631,number24,WINTER,FINISHED,172
632,ACCA: 13-Territory Inspection Dept. - Regards,WINTER,FINISHED,37
633,Twittering Birds Never Fly: The Clouds Gather,WINTER,FINISHED,209
634,Keep Your Hands Off Eizouken!,WINTER,FINISHED,2514
635,Cagaster of an Insect Cage,WINTER,FINISHED,83
636,配信勇者,WINTER,FINISHED,1
637,Uchitama?! Have you seen my Tama?,WINTER,FINISHED,76
638,Yatogame-chan Kansatsu Nikki 2,WINTER,FINISHED,28
639,Isekai Quartet2,WINTER,FINISHED,437
640,Interspecies Reviewers,WINTER,FINISHED,1739
642,ID: INVADED,WINTER,FINISHED,1794
643,Do You Love Your Mom and Her Two-Hit Multi-Target Attacks?: Do You Love Your Mom on the Shore?,WINTER,FINISHED,91
644,Microphone Soul Spinners ~言霊少女~,WINTER,FINISHED,5
645,Oda Cinnamon Nobunaga,WINTER,FINISHED,34
646,ARP Backstage Pass,WINTER,FINISHED,8
647,世界一初恋~プロポーズ編~,WINTER,FINISHED,78
648,Smile Down the Runway,WINTER,FINISHED,364
649,HAIKYU‼ LAND VS. AIR,WINTER,FINISHED,1164
650,ON-GAKU: OUR SOUND,WINTER,FINISHED,84
651,The Case Files of Jeweler Richard,WINTER,FINISHED,199
652,ゼノンザード THE ANIMATION,WINTER,FINISHED,54
653,Is It Wrong to Try to Pick Up Girls in a Dungeon? II: Is It Wrong to Go Searching for Herbs on a Deserted Island?,WINTER,FINISHED,185
654,Outburst Dreamer Boys: It's the Destiny of Those Born as Men,WINTER,FINISHED,18
655,The Ones Within OVA,WINTER,FINISHED,53
656,Seton Academy: Join the Pack!,WINTER,FINISHED,506
657,ストライク・ザ・ブラッド 消えた聖槍篇,WINTER,FINISHED,80
660,KING OF PRISM ALL STARS -プリズムショー☆ベストテン-,WINTER,FINISHED,5
661,The Disastrous Life of Saiki K.: Reawakened,WINTER,FINISHED,746
662,Healin' Good Pretty Cure,WINTER,FINISHED,50
665,Null & Peta: Slippery and Sticky! Big Sister Bikini Battle!,WINTER,FINISHED,6
667,なつなぐ！,WINTER,FINISHED,30
669,フライングベイビーズ☆プチ,WINTER,FINISHED,1
670,りばあす,WINTER,FINISHED,10
671,SHOW BY ROCK!! Mashumairesh!!,WINTER,FINISHED,70
672,妖怪ウォッチJam: 妖怪学園Y 〜Nとの遭遇〜,WINTER,FINISHED,2
674,Ascendance of a Bookworm Side Story,WINTER,FINISHED,52
675,ブレーカーズ,WINTER,FINISHED,15
676,ガイナタマガー,WINTER,RELEASING,1
677,Special Crime Investigation Unit - Special 7 OVA,WINTER,FINISHED,5
678,Pokémon: Twilight Wings,WINTER,FINISHED,127
679,Girls und Panzer: Taiyaki War!,WINTER,FINISHED,27
680,浦島坂田船の日常 OVA,WINTER,FINISHED,1
683,『Ｇのレコンギスタ Ⅱ』「ベルリ 撃進」,WINTER,FINISHED,2
684,へんたつ,WINTER,FINISHED,5
685,恋する小惑星 スペシャルミニアニメ「KiraKira増刊号」,WINTER,FINISHED,3
686,天地無用! 魎皇鬼 第5期,WINTER,FINISHED,13
687,Knights of the Zodiac: Saint Seiya Part 2,WINTER,FINISHED,9
688,LALALACOCO,WINTER,FINISHED,0
689,まるまるマヌル,WINTER,FINISHED,0
690,Marulk's Daily Life,WINTER,FINISHED,22
691,モビルスーツ学園「帰ってきたＧ-レコ甲子園」,WINTER,RELEASING,0
692,囀る動物はやるしかない！,WINTER,FINISHED,5
693,機動戦士ガンダムG40,WINTER,FINISHED,2
694,Kandagawa Jet Girls OVA,WINTER,FINISHED,15
695,レベッカ,WINTER,FINISHED,2
696,みちるレスキュー！,WINTER,FINISHED,1
698,オメテオトル≠HERO,WINTER,FINISHED,1
700,DIGIMON ADVENTURE 20th memorial story,WINTER,FINISHED,15
701,ハイキュー!! 人形アニメ,WINTER,FINISHED,18
703,Altered Carbon: Resleeved,WINTER,FINISHED,14
704,ARP Backstage Pass Episode 6.5,WINTER,FINISHED,0
705,ランウェイで笑って ミニアニメ,WINTER,FINISHED,4
706,カタリナ脳内会議,WINTER,FINISHED,11
707,映像研 ミニアニメ,WINTER,FINISHED,3
708,Granblue Fantasy: The Animation Season 2 Specials,WINTER,FINISHED,18
709,大家さんと僕,WINTER,FINISHED,0
711,ごん,WINTER,FINISHED,4
712,パチスロエウレカセブン3,WINTER,FINISHED,3
713,虚構占い,WINTER,FINISHED,12
714,イド:インディード,WINTER,FINISHED,11
715,BLUE - l i n e・s t e p・b r u s h -,WINTER,FINISHED,5
716,"RabbiTube クリエイター"にチャレンジ！,WINTER,RELEASING,1
751,Poupelle of Chimney Town,FALL,FINISHED,7
752,Strike Witches: Road to Berlin,FALL,FINISHED,76
753,Fate/Grand Order Divine Realm of the Round Table: Camelot - Wandering; Agateram,FALL,FINISHED,153
754,Is the Order a Rabbit? BLOOM,FALL,FINISHED,285
755,クドわふたー,FALL,FINISHED,55
756,TSUKIUTA. The Animation Season 2,FALL,FINISHED,25
757,魔女見習いをさがして,FALL,FINISHED,39
758,Dropout Idol Fruit Tart,FALL,FINISHED,112
759,Adachi and Shimamura,FALL,FINISHED,881
760,Golden Kamuy Season 3,FALL,FINISHED,731
761,Maesetsu! Opening Act,FALL,FINISHED,26
762,WAVE!!～サーフィンやっぺ!!～,FALL,FINISHED,124
763,A3! Season Autumn & Winter,FALL,FINISHED,101
764,Ikebukuro West Gate Park,FALL,FINISHED,305
765,Sleepy Princess in the Demon Castle,FALL,FINISHED,1460
766,Is It Wrong to Try to Pick Up Girls in a Dungeon? III,FALL,FINISHED,2122
767,Demon Slayer -Kimetsu no Yaiba- The Movie: Mugen Train,FALL,FINISHED,9472
768,The Irregular at Magic High School: Visitor Arc,null,null,null
769,Assault Lily BOUQUET,FALL,FINISHED,273
770,Wandering Witch: The Journey of Elaina,FALL,FINISHED,2002
771,映画プリキュアミラクルリープ みんなとの不思議な1日,FALL,FINISHED,16
772,Our Last Crusade or the Rise of a New World,FALL,FINISHED,891
773,Yes, No, or Maybe?,FALL,FINISHED,191
774,JUJUTSU KAISEN,FALL,FINISHED,39109
775,HAPPY-GO-LUCKY DAYS,FALL,FINISHED,40
776,HAIKYU‼ TO THE TOP Part 2,FALL,FINISHED,5459
777,Josee, the Tiger and the Fish,FALL,FINISHED,2407
778,HYPNOSISMIC -Division Rap Battle- Rhyme Anima,FALL,FINISHED,406
779,Love Live! Nijigasaki High School Idol Club,FALL,FINISHED,609
780,Katana Maidens ~ Tomoshibi,FALL,FINISHED,22
781,Dragon Quest: The Adventure of Dai,FALL,RELEASING,281
782,Moriarty the Patriot,FALL,FINISHED,2611
783,Rail Romanesque,FALL,FINISHED,37
784,Kuma Kuma Kuma Bear,FALL,FINISHED,604
785,Higurashi: When They Cry - GOU,FALL,FINISHED,901
786,Pokémon the Movie: Secrets of the Jungle,FALL,FINISHED,59
787,OBSOLETE Part II,FALL,FINISHED,3
788,D4DJ First Mix,FALL,FINISHED,264
789,By the Grace of the Gods,FALL,FINISHED,685
790,Noblesse,FALL,FINISHED,933
791,One Room 3rd,FALL,FINISHED,75
792,Warlords of Sigrdrifa,FALL,FINISHED,116
793,Over the Sky,FALL,FINISHED,90
794,I'm Standing on a Million Lives,FALL,FINISHED,608
795,TONIKAWA: Over The Moon For You,FALL,FINISHED,4755
797,Akudama Drive,FALL,FINISHED,2220
798,BURN THE WITCH,FALL,FINISHED,772
800,With a Dog AND a Cat, Every Day is Fun,FALL,FINISHED,44
801,Monster Strike the Movie: Lucifer Dawn of Despair,FALL,FINISHED,18
802,Grand Blues!,FALL,FINISHED,20
803,Talentless Nana,FALL,FINISHED,1154
804,MAGATSU WAHRHEIT,FALL,FINISHED,51
805,Iwakakeru -Sport Climbing Girls-,FALL,FINISHED,176
806,蒼穹のファフナー Dead Aggressor THE BEYOND,FALL,FINISHED,3
807,KING's RAID: Successors of the Will,FALL,FINISHED,174
808,Yashahime: Princess Half-Demon,FALL,FINISHED,396
809,The Day I Became a God,FALL,FINISHED,911
810,Marudase Kintaro,FALL,FINISHED,11
811,BEM: Become Human,FALL,FINISHED,23
813,Mr. Osomatsu 3rd season,FALL,FINISHED,89
814,グリザイア：ファントムトリガー THE ANIMATION スターゲイザー,FALL,FINISHED,51
815,デート・ア・バレット ナイトメア・オア・クイーン,FALL,FINISHED,280
816,せいぜいがんばれ！魔法少女くるみ 3,FALL,FINISHED,2
818,Anime KAPIBARASAN,FALL,FINISHED,18
819,<DOGEZA>I Tried Asking While Kowtowing.,FALL,FINISHED,142
823,绝世武魂,FALL,RELEASING,21
824,Stand By Me Doraemon 2,FALL,FINISHED,50
825,最響カミズモード！,FALL,FINISHED,2
826,The Gymnastics Samurai,FALL,FINISHED,213
830,ド級編隊エグゼロス OVA,FALL,FINISHED,39
831,無能なナナ ミニアニメ,FALL,FINISHED,11
833,That is the Bottleneck,FALL,FINISHED,9
835,忘却バッテリー,FALL,FINISHED,3
836,べあべあべあくまー！,FALL,FINISHED,19
837,Eagle Talon: Golden Spell,FALL,FINISHED,1
839,Tales of Crestoria: The Wake of Sin,FALL,FINISHED,7
840,かえるのピクルス -きもちのいろ-,FALL,FINISHED,1
841,Pokémon: Twilight Wings - The Gathering of Stars,FALL,FINISHED,6
843,ゲボイデ＝ボイデ,FALL,FINISHED,0
844,Don't Call Us A JUNK GAME!,FALL,FINISHED,4
845,Dear My Patron,FALL,RELEASING,3
846,ポンチャオブース,FALL,FINISHED,1
847,Bottleman,FALL,FINISHED,1
848,ツキウサ。劇場 ,FALL,FINISHED,0
849,ガンダムビルドダイバーズ バトローグ,FALL,FINISHED,3
850,東京ガンボ,FALL,RELEASING,1
851,ぜろきかん日報,FALL,FINISHED,3
852,十年分の私へ,FALL,FINISHED,6
853,物語を君へ。-不可解弐Q1 エンディングアニメーション-,FALL,FINISHED,8
854,スライムたちの井戸端会議：スライム使いとスライムの魔王,FALL,FINISHED,48
855,安達としまむら ミニアニメ,FALL,FINISHED,5
856,魔王城でおやすみミニアニメ,FALL,FINISHED,2
857,2.43ミニアニメ,FALL,FINISHED,0
858,2.43ミニアニメ バレーボール講座編,FALL,FINISHED,0
901,Fate/stay night [Heaven’s Feel] III. spring song,SUMMER,FINISHED,3363
902,Violet Evergarden: the Movie,SUMMER,FINISHED,3122
903,Lapis Re:LiGHTs,SUMMER,FINISHED,141
904,Dragon's Dogma,SUMMER,FINISHED,41
905,My Teen Romantic Comedy SNAFU Climax!,SUMMER,FINISHED,5619
906,Re:ZERO -Starting Life in Another World- Season 2,SUMMER,FINISHED,7229
907,UMAYON,SUMMER,FINISHED,32
908,思い、思われ、ふり、ふられ,SUMMER,FINISHED,224
909,Muhyo & Roji’s Bureau of Supernatural Investigation Season 2,SUMMER,FINISHED,47
910,DECA-DENCE,SUMMER,FINISHED,886
911,Mr Love: Queen's Choice,SUMMER,FINISHED,197
912,GIBIATE,SUMMER,FINISHED,94
913,Aggretsuko: Season 3,SUMMER,FINISHED,266
914,映画クレヨンしんちゃん 激突! ラクガキングダムとほぼ四人の勇者,SUMMER,FINISHED,3
915,Given The Movie,SUMMER,FINISHED,3022
916,デート・ア・バレット デッド・オア・バレット,SUMMER,FINISHED,307
917,Peter Grill and the Philosopher's Time,SUMMER,FINISHED,343
918,超普通都市カシワ伝説R,SUMMER,FINISHED,5
919,The Misfit of Demon King Academy: History’s Strongest Demon King Reincarnates and Goes to School with His Descendants,SUMMER,FINISHED,3693
920,Japan Sinks: 2020,SUMMER,FINISHED,436
921,The Stranger by the Shore,SUMMER,FINISHED,1855
922,No Guns Life Season 2,SUMMER,FINISHED,135
923,SUPER HXEROS,SUMMER,FINISHED,303
924,少女☆歌劇 レヴュースタァライト ロンド・ロンド・ロンド,SUMMER,FINISHED,41
925,Monster Girl Doctor,SUMMER,FINISHED,451
926,Rent-a-Girlfriend,SUMMER,FINISHED,5159
927,ORESUKI: Are you the only one who loves me?: Our Playball / Our End Run / Our Game,SUMMER,FINISHED,404
928,Fire Force Season 2,SUMMER,FINISHED,3517
929,22/7: 8＋3＝？,SUMMER,FINISHED,15
930,Sword Art Online: Alicization - War of Underworld Part 2,SUMMER,FINISHED,3034
931,バトルスピリッツ 赫盟のガレット,SUMMER,FINISHED,4
932,荒野のコトブキ飛行隊 完全版,SUMMER,FINISHED,5
933,Uzaki-chan Wants to Hang Out!,SUMMER,FINISHED,1459
934,The God of High School,SUMMER,FINISHED,4294
935,映画おしりたんてい テントウムシいせきの なぞ,SUMMER,FINISHED,0
936,おばけずかん,SUMMER,FINISHED,1
938,ARP Backstage Pass 「Paradise」,SUMMER,FINISHED,3
939,GET UP! GET LIVE! #げらげら,SUMMER,FINISHED,5
940,Case File nº221: Kabukicho OVA,SUMMER,FINISHED,10
947,Attack on Titan ~Chronicle~,SUMMER,FINISHED,269
951,Cooking with Valkyries 2,SUMMER,FINISHED,32
952,Take My Brother Away! 4,SUMMER,FINISHED,55
953,Ninja Collection,SUMMER,FINISHED,12
954,ふしぎ駄菓子屋 銭天堂,SUMMER,RELEASING,0
956,Re:ゼロから始める休憩時間(ブレイクタイム) 2nd Season,SUMMER,FINISHED,69
957,仮面ライダーゼロワン EVERYONE'S DAILY LIFE,SUMMER,FINISHED,5
958,巨神と氷華の城,SUMMER,FINISHED,6
960,I'm home, Chibigodzilla,SUMMER,FINISHED,0
961,My Hero Academia: Make It! Do-or-Die Survival Training,SUMMER,FINISHED,368
962,Rick and Morty vs. Genocider,SUMMER,FINISHED,19
963,彼女、お借りします コラボミニアニメーション,SUMMER,FINISHED,7
964,サクラ革命 ～華咲く乙女たち～,SUMMER,FINISHED,2
965,Ninjala 2D Cartoon Anime,SUMMER,RELEASING,1
966,りばあす ヴァーチャルとの遭遇,SUMMER,FINISHED,9
967,彼女、お借りします ぷち,SUMMER,FINISHED,33
968,【腐男子召喚〜異世界で神獣にハメられました〜】ミニアニメ,SUMMER,FINISHED,11
969,スライムたちの井戸端会議,SUMMER,FINISHED,5
970,白爪草,SUMMER,FINISHED,0
971,僕のヒーローアカデミア THE MOVIE ヒーローズ・ライジング エピローグ・プラス《夢を現実に》,SUMMER,FINISHED,165
972,Pretending to forget,SUMMER,FINISHED,1
973,LIP×LIP FILM×LIVE ミニアニメ,SUMMER,RELEASING,0
974,血小板 映画館へ行く,SUMMER,FINISHED,1
975,人体のサバイバル!,SUMMER,FINISHED,1
976,XPICE,SUMMER,FINISHED,1
977,しゃばけ,SUMMER,FINISHED,0
1001,IDOLiSH7 Second BEAT!,SPRING,FINISHED,200
1003,My Next Life as a Villainess: All Routes Lead to Doom!,SPRING,FINISHED,2131
1004,Ghost in the Shell: SAC_2045,SPRING,FINISHED,88
1005,The 8th Son? Are You Kidding Me?,SPRING,FINISHED,492
1006,Dropkick on my Devil!! Dash,SPRING,FINISHED,127
1007,Princess Connect! Re: Dive,SPRING,FINISHED,821
1008,Gleipnir,SPRING,FINISHED,1378
1009,Digimon Adventure: Last Evolution Kizuna,SPRING,FINISHED,189
1010,Tsugumomo2,SPRING,FINISHED,229
1011,Baki: The Great Raitai Tournament Saga,SPRING,FINISHED,291
1012,Woodpecker Detective’s Office,SPRING,FINISHED,55
1013,Diary of Our Days at the Breakwater,SPRING,FINISHED,227
1014,SING "YESTERDAY" FOR ME,SPRING,FINISHED,980
1015,Listeners,SPRING,FINISHED,75
1016,TAMAYOMI: The Baseball Girls,SPRING,FINISHED,65
1017,Great Pretender,SPRING,FINISHED,5597
1018,BNA,SPRING,FINISHED,2046
1019,Shironeko Project ZERO CHRONICLE,SPRING,FINISHED,198
1020,Arte,SPRING,FINISHED,373
1021,ミュークルドリーミー,SPRING,FINISHED,53
1022,Gal & Dino,SPRING,FINISHED,89
1023,Sakura Wars the Animation,SPRING,FINISHED,20
1024,Fruits Basket Season 2,SPRING,FINISHED,4096
1025,ストライク・ザ・ブラッド IV,SPRING,FINISHED,199
1026,MAJOR SECOND Season 2,SPRING,FINISHED,56
1027,Shadowverse,SPRING,FINISHED,32
1028,Wave, Listen to Me!,SPRING,FINISHED,154
1029,APPARE-RANMAN!,SPRING,FINISHED,378
1030,魔神英雄伝ワタル 七魂の龍神丸,SPRING,FINISHED,2
1031,Kaguya-sama: Love is War?,SPRING,FINISHED,12325
1032,7SEEDS Part 2,SPRING,FINISHED,127
1033,アルゴナビス from BanG Dream!,SPRING,FINISHED,57
1034,Kingdom Season 3,SPRING,FINISHED,232
1035,Kakushigoto,SPRING,FINISHED,1561
1036,Shachibato! President, It's Time for Battle!,SPRING,FINISHED,46
1037,Ascendance of a Bookworm Part 2,SPRING,FINISHED,642
1039,BanG Dream! Girls Band Party!☆PICO～OHMORI～,SPRING,FINISHED,60
1040,PSYCHO-PASS 3: First Inspector,SPRING,FINISHED,226
1042,キラッとプリ☆チャン シーズン3,SPRING,FINISHED,14
1043,Food Wars! The Fifth Plate,SPRING,FINISHED,1454
1044,遊☆戯☆王SEVENS,SPRING,RELEASING,33
1045,Gundam Build Divers Re:RISE 2nd Season,SPRING,FINISHED,50
1046,ハクション大魔王2020,SPRING,FINISHED,1
1047,Bungo and Alchemist -Gears of Judgement-,SPRING,FINISHED,124
1048,ドロヘドロ 魔のおまけ,SPRING,FINISHED,118
1049,トミカ絆合体 アースグランナー,SPRING,FINISHED,5
1050,Digimon Adventure:,SPRING,FINISHED,200
1051,The Millionaire Detective - Balance: UNLIMITED,SPRING,FINISHED,2661
1052,The House Spirit Tatami-chan,SPRING,FINISHED,8
1053,A Whisker Away,SPRING,FINISHED,1865
1054,ROOM CAMP: Saunas and Grub and Three-Wheeler Bikes,SPRING,FINISHED,27
1060,Extra Olympia Kyklos,SPRING,FINISHED,48
1061,ぽっこりーず,SPRING,FINISHED,1
1062,Tower of God,SPRING,FINISHED,4694
1064,アイドルマスター シンデレラガールズ劇場 Extra Stage,SPRING,FINISHED,6
1065,Sorcerous Stabber Orphen: Celestial Artifacts,SPRING,FINISHED,20
1066,四月一日さん家と,SPRING,FINISHED,4
1067,Cardfight!! Vanguard Extra Story -if-,SPRING,FINISHED,8
1069,Dino Girl Gauko Season 2,SPRING,FINISHED,2
1071,困ったじいさん,SPRING,FINISHED,7
1073,ガル学。〜聖ガールズスクエア学院〜,SPRING,FINISHED,4
1075,のりものまん モービルランドのカークン,SPRING,RELEASING,1
1076,Wacky TV Nanana Chase the Kraken Monster!,SPRING,FINISHED,4
1077,Sol Levante,SPRING,FINISHED,20
1078,あの世のすべては, おばけぐみっ!,SPRING,FINISHED,1
1079,Bakugan Armored Alliance,SPRING,FINISHED,2
1080,Beyblade Burst Surge ,SPRING,FINISHED,28
1081,おりがみにんじゃ コーヤン＠きんてれ,SPRING,RELEASING,0
1082,みっちりわんこ！あにめ～しょん,SPRING,FINISHED,3
1083,ねこねこ日本史 第5シリーズ,SPRING,RELEASING,1
1084,もっと! まじめにふまじめ かいけつゾロリ,SPRING,FINISHED,1
1086,アイカツオンパレード！(ONA),SPRING,FINISHED,4
1087,Future Folktales,SPRING,FINISHED,5
1088,ぷそ煮コミおかわり,SPRING,FINISHED,1
1089,イエスタデイをうたってExtras,SPRING,FINISHED,39
1090,Dropkick on My Devil!! Dash: Chapter Chitose,SPRING,FINISHED,26
1091,Welcome to the JAPARI PARK Season 2,SPRING,FINISHED,0
1092,デュエル・マスターズキング,SPRING,FINISHED,1
1093,カタリナと学ぼう ,SPRING,FINISHED,8
1094,POKÉTOON,SPRING,RELEASING,16
1095,フライングベイビーズ改め ステイングベイビーズ,SPRING,FINISHED,1
1096,Manly Appetites: Minegishi Loves Otsu,SPRING,FINISHED,3
1097,とある科学の超電磁砲T もっとまるっと超電磁砲,SPRING,FINISHED,26
1098,Ninjala Episode 0: Ninja-Gum is Born,SPRING,FINISHED,0
1099,もったいないばあさん,SPRING,FINISHED,0
1100,Zo Zo Zombie,SPRING,FINISHED,0
1101,わしも-wasimo-(第8シリーズ),SPRING,FINISHED,0
1102,おしりたんてい (第4シリーズ),SPRING,FINISHED,0
1103,むかしケイバなし(2),SPRING,FINISHED,0
1151,センコロール2,SPRING,FINISHED,78
1152,One-Punch Man Season 2,SPRING,FINISHED,4511
1153,Kabaneri of the Iron Fortress: The Battle of Unato,SPRING,FINISHED,373
1154,YU-NO: A Girl Who Chants Love at the Bound of This World,SPRING,FINISHED,323
1155,蒼穹のファフナー Dead Aggressor THE BEYOND,SPRING,FINISHED,11
1156,Hakubo,SPRING,FINISHED,66
1157,Rilakkuma and Kaoru,SPRING,FINISHED,152
1158,Promare,SPRING,FINISHED,2507
1159,Wise Man’s Grandchild,SPRING,FINISHED,1762
1160,Fate/kaleid liner Prisma☆Illya: Prisma☆Phantasm,SPRING,FINISHED,49
1161,ULTRAMAN,SPRING,FINISHED,63
1162,Sarazanmai,SPRING,FINISHED,928
1163,Carole & Tuesday,SPRING,FINISHED,1752
1164,Hitoribocchi no Marumaruseikatsu,SPRING,FINISHED,1020
1165,Ultramarine Magmell,SPRING,FINISHED,216
1166,AFTERLOST,SPRING,FINISHED,87
1167,Demon Slayer: Kimetsu no Yaiba,SPRING,FINISHED,39594
1168,Sound! Euphonium: The Movie - Our Promise: A Brand New Day,SPRING,FINISHED,191
1169,Yatogame-chan Kansatsu Nikki,SPRING,FINISHED,48
1170,Midnight Occult Civil Servants,SPRING,FINISHED,125
1171,Children of the Sea,SPRING,FINISHED,663
1172,Bungo Stray Dogs 3,SPRING,FINISHED,3229
1173,Kono Oto Tomare!: Sounds of Life,SPRING,FINISHED,1160
1174,MIX,SPRING,FINISHED,52
1175,King of Prism: Shiny Seven Stars,SPRING,FINISHED,31
1176,We Never Learn: BOKUBEN,SPRING,FINISHED,1330
1177,Million Arthur 2,SPRING,FINISHED,33
1178,Joshi Kausei,SPRING,FINISHED,92
1179,Rascal Does Not Dream of a Dreaming Girl,SPRING,FINISHED,6015
1180,POP TEAM EPIC TV SPECIAL,SPRING,FINISHED,36
1181,Namuamidabutsu! -UTENA-,SPRING,FINISHED,13
1182,ヲタクに恋は難しい OVA,SPRING,FINISHED,460
1183,AMAZING STRANGER,SPRING,FINISHED,25
1184,Why the hell are you here, Teacher!?,SPRING,FINISHED,920
1185,Strike Witches: 501st JOINT FIGHTER WING Take Off!,SPRING,FINISHED,19
1186,ISEKAI QUARTET,SPRING,FINISHED,944
1187,Attack on Titan Season 3 Part 2,SPRING,FINISHED,20333
1188,LAIDBACKERS,SPRING,FINISHED,9
1189,Cinderella Nine,SPRING,FINISHED,53
1190,Ride Your Wave,SPRING,FINISHED,1145
1191,Aggretsuko: Season 2,SPRING,FINISHED,282
1192,Fruits Basket (2019),SPRING,FINISHED,8471
1194,Ace of the Diamond act II,SPRING,FINISHED,519
1195,7SEEDS,SPRING,FINISHED,297
1196,フレームアームズ・ガール～きゃっきゃうふふなワンダーランド～,SPRING,FINISHED,9
1197,The Helpful Fox Senko-san,SPRING,FINISHED,1430
1198,RobiHachi,SPRING,FINISHED,86
1199,アイドルマスター シンデレラガールズ劇場CLIMAX SEASON,SPRING,FINISHED,1
1200,Ao-chan Can't Study!,SPRING,FINISHED,611
1201,Senryu Girl,SPRING,FINISHED,537
1203,Case Closed: The Fist of Blue Sapphire,SPRING,FINISHED,87
1204,Nobunaga teacher's young bride,SPRING,FINISHED,100
1205,Doraemon the Movie 2019: Nobita's Chronicle of the Moon Exploration,SPRING,FINISHED,9
1206,BAKUMATSU Crisis,SPRING,FINISHED,12
1207,火の鳥“道後温泉編,SPRING,FINISHED,6
1208,I'm From Japan,SPRING,FINISHED,4
1209,The Island of Giant Insects,SPRING,FINISHED,30
1210,みるタイツ,SPRING,FINISHED,457
1211,The Wonderland,SPRING,FINISHED,59
1213,WATATEN!: an Angel Flew Down to Me: You Never Let Us Down / Always Growing Closer / Let's Change You Into This! / I'm Your Big Sister,SPRING,FINISHED,82
1214,Girls und Panzer das Finale – Part 2,SPRING,FINISHED,111
1215,劇場版 うたの☆プリンスさまっ♪ マジLOVEキングダム,SPRING,FINISHED,42
1216,Lupin the 3rd: Fujiko's Lie,SPRING,FINISHED,42
1217,Fairy gone,SPRING,FINISHED,201
1219,アイカツフレンズ！～かがやきのジュエル～,SPRING,FINISHED,18
1221,For Whom The Alchemist Exists The Movie,SPRING,FINISHED,33
1222,パンドラとアクビ,SPRING,FINISHED,5
1224,Mobile Suit Gundam: The Origin - Advent of the Red Comet,SPRING,FINISHED,81
1229,UzaMaid!: My Maid Is Still Seriously Way Too Annoying...,SPRING,FINISHED,35
1230,キラッとプリ☆チャン シーズン2,SPRING,FINISHED,35
1231,おジャ魔女どれみ お笑い劇場,SPRING,FINISHED,1
1232,けだまのゴンじろー,SPRING,FINISHED,0
1234,Bラッパーズ ストリート,SPRING,FINISHED,0
1235,Yo-kai Watch!,SPRING,FINISHED,8
1236,THE IDOLM@STER CINDERELLA GIRLS Theater CLIMAX SEASON,SPRING,FINISHED,3
1237,少年アシベ GO! GO! ゴマちゃん 4,SPRING,FINISHED,1
1238,Bakugan: Battle Planet,SPRING,FINISHED,17
1239,Beyblade Burst GT,SPRING,FINISHED,31
1241,Cardfight!! Vanguard: High School Arc Cont.,SPRING,FINISHED,5
1243,PERSONA5 the Animation: Proof of Justice,SPRING,FINISHED,43
1244,圧倒的 Vivid Days,SPRING,FINISHED,2
1245,Promare: Galo,SPRING,FINISHED,48
1246,バトルスピリッツ サーガブレイヴ,SPRING,FINISHED,6
1247,Promare: Lio,SPRING,FINISHED,55
1248,Wacky TV Nanana 2nd season,SPRING,FINISHED,2
1249,デュエル・マスターズ! !,SPRING,FINISHED,0
1250,猫のニャッホ 〜ニャ・ミゼラブル〜,SPRING,FINISHED,0
1251,四月一日さん家の,SPRING,FINISHED,4
1252,映画おしりたんてい カレーなる じけん,SPRING,FINISHED,0
1253,荒野のコトブキ飛行隊 外伝 大空のハルカゼ飛行隊,SPRING,FINISHED,3
1254,Meow Meow Japanese History,SPRING,FINISHED,0
1255,Virtual-san Looking (OVA),SPRING,FINISHED,3
1256,ホロのぐらふぃてぃ,SPRING,RELEASING,439
1257,それいけ! アンパンマン きらめけ! アイスの国のバニラ姫,SPRING,FINISHED,0
1258,魔王様、“プチ”リトライ！,SPRING,FINISHED,6
1259,ダヤンとタマと飛び猫と ～3つの猫の物語～,SPRING,FINISHED,0
1260,わしも-wasimo-(第7シリーズ),SPRING,FINISHED,0
1261,タナバタノオト,SPRING,FINISHED,2
1301,Legend of the Galactic Heroes: Die Neue These,SPRING,FINISHED,227
1302,シュタインズ・ゲート ゼロ,SPRING,FINISHED,4414
1303,Full Metal Panic! Invisible Victory,SPRING,FINISHED,170
1304,FLCL Progressive,SPRING,FINISHED,187
1305,Peacemaker Kurogane: Belief,SPRING,FINISHED,15
1306,Inazuma Eleven Ares,SPRING,FINISHED,86
1307,Dances with the Dragons,SPRING,FINISHED,41
1308,ハイスクールD×D HERO,SPRING,FINISHED,1480
1309,Isekai Izakaya: Japanese Food From Another World,SPRING,FINISHED,119
1310,LOST SONG,SPRING,FINISHED,144
1311,Lostorage conflated WIXOSS,SPRING,FINISHED,68
1312,Gurazeni: Money Pitch,SPRING,FINISHED,8
1313,Umamusume: Pretty Derby,SPRING,FINISHED,424
1314,Comic Girls,SPRING,FINISHED,552
1315,曇天に笑う<外伝> ～宿命、双頭の風魔～,SPRING,FINISHED,26
1316,Chi's Sweet Adventure Season 2,SPRING,FINISHED,5
1317,Devils' Line,SPRING,FINISHED,922
1318,Vatican Miracle Examiner (OVA),SPRING,FINISHED,5
1319,Wotakoi: Love is Hard for Otaku,SPRING,FINISHED,6737
1320,Alice or Alice,SPRING,FINISHED,40
1321,PERSONA5 the Animation,SPRING,FINISHED,566
1322,Golden Kamuy,SPRING,FINISHED,1587
1323,Kase-san and Morning Glories,SPRING,FINISHED,780
1324,Libra of Nil Admirari,SPRING,FINISHED,58
1325,Space Battleship Tiramisu,SPRING,FINISHED,49
1326,MAGICAL GIRL SITE,SPRING,FINISHED,637
1327,HINAMATSURI,SPRING,FINISHED,2583
1328,Butlers x Battlers,SPRING,FINISHED,29
1329,My Hero Academia Season 3,SPRING,FINISHED,9220
1330,Liz and the Blue Bird,SPRING,FINISHED,2007
1331,Tada Never Falls In Love,SPRING,FINISHED,791
1332,Digimon Adventure tri. Chapter 6: Our Future,SPRING,FINISHED,61
1333,Sword Art Online Alternative: Gun Gale Online,SPRING,FINISHED,1398
1334,Tokyo Ghoul:re,SPRING,FINISHED,2305
1335,Batman Ninja,SPRING,FINISHED,92
1336,奴隷区 The Animation,SPRING,FINISHED,62
1337,Megalobox,SPRING,FINISHED,1976
1338,MAJOR 2nd,SPRING,FINISHED,58
1339,LAST HOPE,SPRING,FINISHED,27
1340,SNSポリス,SPRING,FINISHED,0
1341,Forest of Piano,SPRING,FINISHED,289
1342,Fist of the Blue Sky: Regenesis,SPRING,FINISHED,11
1343,Kakuriyo -Bed & Breakfast for Spirits-,SPRING,FINISHED,513
1344,Real Girl,SPRING,FINISHED,846
1345,Amanchu! ~Advance~,SPRING,FINISHED,59
1346,SERVAMP -サーヴァンプ-: Alice in the Garden,SPRING,FINISHED,45
1347,Godzilla: City on the Edge of Battle,SPRING,FINISHED,51
1348,カリギュラ,SPRING,FINISHED,97
1349,My Sweet Tyrant,SPRING,FINISHED,313
1350,Case Closed: Zero the Enforcer,SPRING,FINISHED,55
1351,Dragon Pilot: Hisone & Masotan,SPRING,FINISHED,288
1352,Magical Girl Ore,SPRING,FINISHED,110
1353,Yotsuiro Biyori,SPRING,FINISHED,107
1354,Captain Tsubasa (2018),SPRING,FINISHED,170
1356,Love To-LIE-Angle,SPRING,FINISHED,74
1357,Food Wars! The Third Plate: Totsuki Train Arc,SPRING,FINISHED,1499
1358,Layton Mystery Detective Agency: Kat's Mystery-Solving Files,SPRING,FINISHED,45
1359,おしりたんてい,SPRING,FINISHED,0
1360,Cutie Honey Universe,SPRING,FINISHED,22
1361,Hozuki’s Coolheadedness 2: Part II,SPRING,FINISHED,68
1362,Lupin the 3rd Part V,SPRING,FINISHED,292
1363,Ninja Girl & Samurai Master 3rd,SPRING,FINISHED,4
1364,GeGeGe no Kitaro,SPRING,FINISHED,102
1365,Crossing Time,SPRING,FINISHED,54
1367,Junji Ito Collection: Tomie,SPRING,FINISHED,87
1371,ガンダムビルドダイバーズ,SPRING,FINISHED,36
1372,You Don't Know Gunma Yet,SPRING,FINISHED,2
1373,アイカツフレンズ!,SPRING,FINISHED,61
1374,Last Period: the journey to the end of the despair,SPRING,FINISHED,35
1375,Cute High Earth Defense Club HAPPY KISS!,SPRING,FINISHED,16
1376,もしもし、てるみです。,SPRING,FINISHED,1
1377,Kiratto Pri☆chan,SPRING,FINISHED,29
1378,Beyblade Burst Turbo,SPRING,FINISHED,45
1380,ゆるキャン△ OVA,SPRING,FINISHED,91
1383,若おかみは小学生！,SPRING,FINISHED,8
1384,黒猫モンロヲ,SPRING,FINISHED,0
1385,天下統一恋の乱　出陣！雑賀4人衆,SPRING,FINISHED,3
1387,レディスポ,SPRING,FINISHED,2
1388,うさぎのマシュー,SPRING,FINISHED,0
1389,フューチャーカード バディファイト バッツ オールスターファイト,SPRING,FINISHED,6
1390,俺たちゃ妖怪人間G,SPRING,FINISHED,0
1391,Puzzle & Dragon,SPRING,RELEASING,2
1392,デュエル・マスターズ!,SPRING,FINISHED,1
1393,少年アシベ GO! GO! ゴマちゃん 3,SPRING,FINISHED,1
1394,ねこねこ日本史 第3シリーズ,SPRING,FINISHED,0
1395,アイドルマスター SideM『PASSION of the PASSION』,SPRING,FINISHED,3
1396,妖怪ウォッチ シャドウサイド,SPRING,FINISHED,11
1397,Aggretsuko,SPRING,FINISHED,879
1398,CARDFIGHT!! VANGUARD,SPRING,FINISHED,25
1399,PASTEL LIFE,SPRING,FINISHED,14
1401,ハクメイとミコチ 「ネジとベッド と 囲炉裏と博打」,SPRING,FINISHED,5
1402,Code Geass: Lelouch of the Rebellion III - Glorification,SPRING,FINISHED,124
1404,Code: Realize ~Guardian of Rebirth~ Set a thief to catch a thief,SPRING,FINISHED,27
1405,Food Wars! The Third Plate: Erina at Polar Star Dormitory,SPRING,FINISHED,126
1406,陰陽師・平安物語,SPRING,FINISHED,5
1407,Cats and Peachtopia,SPRING,FINISHED,0
1408,Shibuya Vernacular,SPRING,FINISHED,1
1409,Utawarerumono: Imperial Princess Tusukuru's Splendid Days,SPRING,FINISHED,3
1410,映画クレヨンしんちゃん 爆盛！カンフーボーイズ ～拉麺大乱～,SPRING,FINISHED,2
1411,The Seven Heavenly Virtues Specials,SPRING,FINISHED,10
1412,15歳, 今日から同棲はじめます.,SPRING,FINISHED,1
1413,からめるハニー,SPRING,FINISHED,48
1414,おあむ物語　その夏、わたしが知ったこと,SPRING,FINISHED,2
1415,ゴールデンカムイ 「ゴールデン道画劇場」,SPRING,FINISHED,7
1416,You Can Enjoy!,SPRING,FINISHED,1
1417,劇場版 プリパラ＆キラッとプリ☆チャン ～きらきらメモリアルライブ～,SPRING,FINISHED,4
1418,めしぬま。,SPRING,FINISHED,2
1419,Tales of Homeroom,SPRING,FINISHED,2
1420,わしも 6,SPRING,FINISHED,0
1421,GOD EATER レゾなんとか劇場,SPRING,FINISHED,4
1422,Wacky TV Nanana,SPRING,FINISHED,7
1423,ケッケロケー,SPRING,FINISHED,0
1424,キャラとおたまじゃくし島,SPRING,FINISHED,0
1425,デスティニーチャイルド,SPRING,FINISHED,3
1426,さわって！ぐでたま 〜3どめのしょうじき〜,SPRING,FINISHED,0
1427,がん がん がんこちゃん 第2期,SPRING,FINISHED,0
1451,Genocidal Organ,WINTER,FINISHED,85
1452,Chain Chronicle - The Light of Haecceitas -,WINTER,FINISHED,90
1453,Chaos;Child,WINTER,FINISHED,125
1454,Minami Kamakura High School Girls Cycling Club,WINTER,FINISHED,16
1455,Kizumonogatari Part 3: Reiketsu,WINTER,FINISHED,4189
1456,Sword Art Online the Movie: Ordinal Scale,WINTER,FINISHED,2166
1457,弱虫ペダルNEW GENERATION,WINTER,FINISHED,98
1458,Black Butler: Book of the Atlantic,WINTER,FINISHED,731
1459,Saga of Tanya the Evil,WINTER,FINISHED,4423
1460,MARGINAL #4 the Animation,WINTER,FINISHED,27
1461,elDLIVE,WINTER,FINISHED,35
1462,うらら迷路帖,WINTER,FINISHED,245
1463,KONOSUBA -God's blessing on this wonderful world! 2,WINTER,FINISHED,6355
1464,Scum's Wish,WINTER,FINISHED,2266
1465,Star Blazers: Space Battleship Yamato 2202,WINTER,FINISHED,27
1466,Hand Shakers,WINTER,FINISHED,79
1467,Descending Stories: Showa Genroku Rakugo Shinju,WINTER,FINISHED,1571
1468,霊剣山 叡智への資格,WINTER,FINISHED,40
1469,Miss Kobayashi's Dragon Maid,WINTER,FINISHED,7638
1470,ACCA: 13-Territory Inspection Dept.,WINTER,FINISHED,742
1471,SUPER LOVERS 2,WINTER,FINISHED,197
1472,Piacevole,WINTER,FINISHED,8
1473,Genbanojou,WINTER,FINISHED,1
1474,Masamune-kun's Revenge,WINTER,FINISHED,1465
1475,Little Witch Academia (TV),WINTER,FINISHED,3247
1476,Blue Exorcist: Kyoto Saga,WINTER,FINISHED,1177
1477,Trinity Seven: Eternal Library & Alchemic Girl,WINTER,FINISHED,315
1478,Gabriel DropOut,WINTER,FINISHED,1686
1479,Fuuka,WINTER,FINISHED,438
1480,青鬼 The Animation,WINTER,FINISHED,5
1481,BanG Dream!,WINTER,FINISHED,429
1482,けものフレンズ,WINTER,FINISHED,424
1483,チェインクロニクル〜ヘクセイタスの閃（ひかり）〜 第２章,WINTER,FINISHED,12
1484,チェインクロニクル〜ヘクセイタスの閃（ひかり）〜 第３章,WINTER,FINISHED,10
1485,The Dragon Dentist,WINTER,FINISHED,72
1486,ONIHEI,WINTER,FINISHED,38
1487,Interviews with Monster Girls,WINTER,FINISHED,929
1488,Idol Incidents,WINTER,FINISHED,8
1489,Lupin the 3rd: Goemon's Blood Spray,WINTER,FINISHED,136
1490,Akiba's Trip the Animation,WINTER,FINISHED,179
1491,Tales of Zestiria the X Season 2,WINTER,FINISHED,213
1492,Rewrite: Moon and Terra,WINTER,FINISHED,215
1493,Nyanko Days,WINTER,FINISHED,110
1494,ランドリオール,WINTER,FINISHED,0
1495,FOREST FAIRY FIVE,WINTER,FINISHED,4
1496,Seiren,WINTER,FINISHED,247
1497,Digimon Adventure tri. Chapter 4: Loss,WINTER,FINISHED,64
1498,Chiruran 1/2,WINTER,FINISHED,4
1499,スクールガールストライカーズ Animation Channel,WINTER,FINISHED,9
1500,Ai-Mai-Mi Surgical Friends,WINTER,FINISHED,7
1503,OneRoom,WINTER,FINISHED,157
1504,NANBAKA - Part Two,WINTER,FINISHED,290
1505,Sentai Hero SUKIYAKI FORCE,WINTER,FINISHED,0
1506,Gintama Season 5,WINTER,FINISHED,1216
1507,Theatre of Darkness: Yamishibai 4,WINTER,FINISHED,20
1511,Koro Sensei Quest!,WINTER,FINISHED,80
1512,超・少年探偵団NEO,WINTER,FINISHED,0
1513,ななにんのあやかし-ちみちみ魍魎!! 現代物語-,WINTER,FINISHED,0
1514,KIRA KIRA☆PRETTY CURE A LA MODE,WINTER,FINISHED,77
1517,鬼平~その男, 長谷川平蔵~,WINTER,FINISHED,1
1518,コチンPa! 第二期,WINTER,FINISHED,2
1519,超游世界 -BEING THE REALITY-,WINTER,FINISHED,19
1520,スーパーダンガンロンパ2.5 狛枝凪斗と世界の破壊者,WINTER,FINISHED,283
1521,ようじょしぇんき,WINTER,FINISHED,27
1522,ViVid Strike! OVA,WINTER,FINISHED,15
1523,ピカイア!!,WINTER,FINISHED,1
1525,Sound! Euphonium 2 Specials,WINTER,FINISHED,24
1526,ゆゆ式 OVA「困らせたり、困らされたり」,WINTER,FINISHED,8
1527,お喋りしようか,WINTER,FINISHED,15
1528,ステラのまほう Specials,WINTER,FINISHED,1
1529,さくらインターネット 新生,WINTER,FINISHED,2
1530,Rage of Bahamut: Genesis - Short Story,WINTER,FINISHED,49
1531,スーパーラヴァーズ OVA,WINTER,FINISHED,49
1532,Kabaneri of the Iron Fortress: Life That Burns,WINTER,FINISHED,60
1533,null,WINTER,FINISHED,1
1534,Overlord: The Undead King,WINTER,FINISHED,103
1535,奇異太郎少年の妖怪絵日記 女難の祭日,WINTER,FINISHED,2
1536,ブラッドラッド 完結記念PV,WINTER,FINISHED,11
1537,Azure Striker Gunvolt,WINTER,FINISHED,5
1538,バーナード嬢曰く。 - おふろ読書,WINTER,FINISHED,0
1539,Servamp: Hai ni Mamireta Shoukei - All the world's a stage,WINTER,FINISHED,14
1540,Eureka Seven AO Final Episode,WINTER,FINISHED,14
1541,初恋モンスター もうちょっとだけ続くんじゃ,WINTER,FINISHED,7
1542,きらり輝く,WINTER,FINISHED,1
1543,ららマジ,WINTER,FINISHED,1
1544,ぼくは知ってるよ。,WINTER,FINISHED,0
1545,Inazma Delivery,WINTER,FINISHED,2
1546,Kingdom Hearts χ Back Cover,WINTER,FINISHED,23
1547,劇場版プリパラ　み～んなでかがやけ！キラリン☆スターライブ！,WINTER,FINISHED,3
1548,SENGOKUCHOJYUGIGA Season2,WINTER,FINISHED,0
1549,たまぽんず,WINTER,FINISHED,1
1550,ゴーちゃん。〜モコとちんじゅうの森の仲間たち〜,WINTER,FINISHED,0
1551,ちぇいん黒にくる!!,WINTER,FINISHED,1
1552,アニメガタリズ: ユクトシ、クルトシ ,WINTER,FINISHED,0
1553,Go for 2020,WINTER,FINISHED,0
1554,ムーム はじまりの物語,WINTER,FINISHED,0
1555,がん がん がんこちゃん,WINTER,FINISHED,0
1556,みどりのくにのおともだち こえだちゃん,WINTER,FINISHED,0
1557,MAFF × ちょびっとづかん,WINTER,FINISHED,0
1558,クレヨンしんちゃん外伝 家族連れ狼,WINTER,FINISHED,1
1601,Kizumonogatari Part 1: Tekketsu,WINTER,FINISHED,2476
1602,Norn9,WINTER,FINISHED,128
1603,クラゲの食堂,WINTER,FINISHED,15
1604,Durarara!! X2 The Third Arc,WINTER,FINISHED,603
1605,Showa Genroku Rakugo Shinju,WINTER,FINISHED,1861
1606,Garakowa -Restore the World-,WINTER,FINISHED,36
1607,ARIA The AVVENIRE,WINTER,FINISHED,47
1608,Momokuri,WINTER,FINISHED,174
1609,Doukyuusei -Classmates-,WINTER,FINISHED,3347
1610,Assassination Classroom 2,WINTER,FINISHED,7721
1611,Code Geass: Akito the Exiled - To Beloved Ones,WINTER,FINISHED,79
1612,Undefeated Bahamut Chronicle,WINTER,FINISHED,629
1613,Schwarzes Marken,WINTER,FINISHED,136
1614,KONOSUBA -God's blessing on this wonderful world!,WINTER,FINISHED,13836
1615,Haruchika - Haruta & Chika,WINTER,FINISHED,58
1616,ERASED,WINTER,FINISHED,15804
1617,Kuroko's Basketball: The Greatest Present,WINTER,FINISHED,108
1618,Ojisan and Marshmallow,WINTER,FINISHED,42
1619,Persona 3 the Movie: #4 Winter of Rebirth,WINTER,FINISHED,361
1620,Dimension W,WINTER,FINISHED,327
1621,Snow White with the Red Hair 2,WINTER,FINISHED,965
1622,Phantasy Star Online 2 The Animation,WINTER,FINISHED,65
1623,劇場版 selector destructed WIXOSS,WINTER,FINISHED,26
1624,Initial D Legend 3: Dream,WINTER,FINISHED,43
1625,Rainbow Days,WINTER,FINISHED,378
1626,Myriad Colors Phantom World,WINTER,FINISHED,715
1627,Snow White with the Red Hair: Nandemonai Takaramono, Kono Page,WINTER,FINISHED,102
1628,劇場版 探偵オペラ ミルキィホームズ　~逆襲のミルキィホームズ~,WINTER,FINISHED,9
1629,AOKANA: Four Rhythm Across the Blue,WINTER,FINISHED,221
1630,東京喰種 トーキョーグール【PINTO】,WINTER,FINISHED,233
1631,Sekko Boys,WINTER,FINISHED,38
1632,プリンス・オブ・ストライド　オルタナティブ,WINTER,FINISHED,280
1633,AJIN: Demi-Human,WINTER,FINISHED,978
1634,大家さんは思春期！,WINTER,FINISHED,32
1635,Gate 2,WINTER,FINISHED,1059
1636,だがしかし,WINTER,FINISHED,498
1637,Sinbad: The Magic Lamp and the Moving Islands,WINTER,FINISHED,0
1638,ディバインゲート,WINTER,FINISHED,94
1639,クラスルーム☆クライシス 第5.5話 旅の恥は上塗り,WINTER,FINISHED,7
1640,クイーンズブレイド グリムワール,WINTER,FINISHED,11
1641,カラフル忍者いろまき,WINTER,FINISHED,1
1642,UTOPA,WINTER,FINISHED,1
1643,かっちけねぇ！,WINTER,FINISHED,1
1644,風の又三郎,WINTER,FINISHED,2
1645,KING OF PRISM by PrettyRhythm,WINTER,FINISHED,24
1646,ヴァルキリードライヴ マーメイド ミニOVA,WINTER,FINISHED,21
1647,Aoharu x Machinegun: This is a Battlefield for Beasts!,WINTER,FINISHED,43
1648,One-Punch Man OVA,WINTER,FINISHED,310
1649,Active Raid,WINTER,FINISHED,36
1650,がんばれ！ルルロロ　第３シリーズ,WINTER,FINISHED,0
1651,Mahou Shoujo Nante Mouiidesukara,WINTER,FINISHED,13
1652,Grimgar of Fantasy and Ash,WINTER,FINISHED,1994
1653,This Boy is a Professional Wizard,WINTER,FINISHED,45
1654,Nurse Witch KOMUGI R,WINTER,FINISHED,5
1655,Girls Beyond the Wasteland,WINTER,FINISHED,91
1656,映画 プリパラ み～んなのあこがれ♪ レッツゴー☆プリパリ,WINTER,FINISHED,2
1657,Mobile Suit Gundam Thunderbolt,WINTER,FINISHED,209
1658,ラストエグザイル −銀翼のファム- Over the Wishes,WINTER,FINISHED,3
1659,BBK/BRNK,WINTER,FINISHED,48
1660,Please tell me! Galko-chan,WINTER,FINISHED,325
1661,Theatre of Darkness: Yamishibai 3,WINTER,FINISHED,26
1663,Luck & Logic,WINTER,FINISHED,69
1664,The Testament of Sister New Devil BURST: Tojo Basara’s Perfectly Peaceful Daily Life,WINTER,FINISHED,92
1665,My Wife is the Student Council President OVA,WINTER,FINISHED,36
1666,Shomin Sample: Kujou-san no Doesu Soudan-Shitsu Anime-ban,WINTER,FINISHED,18
1667,Sky Wizards Academy OVA,WINTER,FINISHED,24
1668,霊剣山　星屑たちの宴,WINTER,FINISHED,94
1669,Digimon Adventure tri. Chapter 2: Determination,WINTER,FINISHED,77
1670,Sushi Police,WINTER,FINISHED,7
1671,映画 プリキュアオールスターズ みんなで歌う♪奇跡の魔法!,WINTER,FINISHED,8
1672,魔法つかいプリキュア！,WINTER,FINISHED,80
1673,Mr. Osomatsu Episode 3.5,WINTER,FINISHED,6
1674,Pandora in the Crimson Shell Ghost Urn,WINTER,FINISHED,48
1675,Teekyuu 7,WINTER,FINISHED,14
1678,Koyomimonogatari,WINTER,FINISHED,637
1680,血液型くん！4,WINTER,FINISHED,1
1681,コチンPa！,WINTER,FINISHED,4
1682,Tabimachi Lateshow,WINTER,FINISHED,5
1683,リルリルフェアリル～妖精のドア～,WINTER,FINISHED,5
1684,アイドルマスター シンデレラガールズ Anytime, Anywhere with Cinderella.,WINTER,FINISHED,14
1685,監獄学園[プリズンスクール] マッドワックス,WINTER,FINISHED,139
1686,ミムマムミント,WINTER,FINISHED,0
1689,She and Her Cat -Everything Flows-,WINTER,FINISHED,320
1693,Mr. Osomatsu Short Film Series,WINTER,FINISHED,5
1695,私たち, らくろじ部!,WINTER,FINISHED,3
1696,Grimgar of Fantasy and Ash OVA 2.5,WINTER,FINISHED,54
1697,冬の誓い　夏の祭り　武雄の大楠,WINTER,FINISHED,2
1698,約束の器　有田の初恋,WINTER,FINISHED,1
1700,Noblesse: Awakening,WINTER,FINISHED,145
1701,【ゾンミちゃん】 - ミートパイ オブ ザ デッド -,WINTER,FINISHED,1
1702,それが声優！ 特別編「プチ打ち上げ」,WINTER,FINISHED,2
1703,Seraph of the End: Battle in Nagoya - Owaranai Seraph Battle in Nagoya,WINTER,FINISHED,89
1704,Konnichiwa Onara Gorou,WINTER,FINISHED,0
1705,ルパン三世 イタリアン・ゲーム,WINTER,FINISHED,6
1706,Wake Up, Girls！の宮城PRやらせてください！,WINTER,FINISHED,3
1707,To LOVEる -とらぶる- ダークネス2nd,WINTER,FINISHED,132
1708,映画ドラえもん　新・のび太の日本誕生,WINTER,FINISHED,3
1713,Sushi and Beyond: An English Family Eats New Year's,WINTER,FINISHED,0
1714,Phoenix Wright: Ace Attorney − Spirit of Justice Prologue,WINTER,FINISHED,9
1715,Ninja Girl & Samurai Master: Episode 0,WINTER,FINISHED,0
1717,未来のワタシ,WINTER,FINISHED,5
1718,Teekyuu 6 Specials,WINTER,FINISHED,1
1720,あにトレ！ＥＸ「地獄のトレーニング」,WINTER,FINISHED,0
1721,マスター・オブ・トルク 3,WINTER,FINISHED,0
1722,My Wife is the Student Council President OVA: Wife Theater,WINTER,FINISHED,14
1723,新妹魔王の契約者 BURST,WINTER,FINISHED,61
1724,京都アニメーション公式Twitter いつも ありがとう,WINTER,FINISHED,0
1725,null,WINTER,FINISHED,2
1726,ヒストリカル,WINTER,FINISHED,2
1727,null,WINTER,FINISHED,9
1728,バリィさんの諸国漫遊記,WINTER,FINISHED,2
1729,ジュエルペット あたっくちゃんす!?,WINTER,FINISHED,1
1730,超普通都市カシワ伝説,WINTER,FINISHED,1
1731,ニセコイ: OAD,WINTER,FINISHED,61
1732,忍たま乱太郎の宇宙大冒険 with コズミックフロント☆NEXT,WINTER,FINISHED,0
1733,しまじろうと えほんのくに,WINTER,FINISHED,0
1734,ãã«ãã ããã! ã¼ã¦ã·ããï¼3æï¼ããã¦ããªãã³ãã¼ã°ã,null,null,0
1754,Oris123,null,null,0
1755,Hello 1234122,null,null,0
1756,Video 1,null,null,0
1757,haks,null,null,0
1758,haks,null,null,0
1759,hakees111,null,null,0
1761,video ,null,null,null
1763,video 5,null,null,null
1764,video new 1,null,null,null
1765,Video new 2,null,null,null
